Province,UID,01/01/1964,01/01/1965,02/01/1966,03/01/1967,05/01/1968,05/01/1969,06/01/1970,07/01/1971,09/01/1972,09/01/1973,10/01/1974,11/01/1975,13/01/1976,13/01/1977,14/01/1978,15/01/1979,17/01/1980,17/01/1981,18/01/1982,19/01/1983,21/01/1984,21/01/1985,22/01/1986,23/01/1987,25/01/1988,25/01/1989,26/01/1990,27/01/1991,29/01/1992,29/01/1993,30/01/1994,31/01/1995,02/02/1996,02/02/1997,03/02/1998,04/02/1999,06/02/2000,06/02/2001,07/02/2002,08/02/2003,10/02/2004,10/02/2005,11/02/2006,12/02/2007,14/02/2008,14/02/2009,15/02/2010,16/02/2011,18/02/2012,18/02/2013,19/02/2014,20/02/2015,22/02/2016,22/02/2017,23/02/2018,24/02/2019,26/02/2020
Aceh,1,1359914.4743010127,1214864.616973644,1262494.987952474,1126488.7909856592,1003895.8413285956,951595.6686383096,870816.521849642,790048.4830093936,709291.5521175578,628545.7291741412,647811.014179138,657087.4071325534,646374.9080343846,621030.659741769,604983.2336832919,614304.0584303682,613635.9911258634,612979.0317697712,589501.5477090381,583922.0763586214,578353.712956627,572796.4575030422,567250.3099978704,561715.2704411271,577414.8708327768,576663.8150640257,579897.8672436806,587399.9094261678,592812.9067353047,598237.0119928637,594997.1554464524,593299.7473681836,591613.4472383343,589938.2550569009,588274.1708238806,586110.7476993692,584250.1164317902,582400.5931126303,580562.1777418832,578734.8703195556,576918.6708456441,575113.5793201447,573319.5957430649,571536.7201143975,569764.9524341497,568004.2927023149,566254.740918899,564516.2970838991,562788.9611973114,561072.7332591435,559367.6132693876,557673.6012280516,555990.6971351276,554318.9009906236,552658.2127945356,551008.6325468592,549370.1602476032
Bali,2,149693.97012298962,68067.48364238412,-13130.441201513866,32701.909337748308,84486.06294544332,13547.41905960394,-4334.689494167455,-22629.17902554444,-41336.04953453166,-60455.30102112843,-79986.933485338,-99930.94692715374,-120287.34134657869,-141056.11674361117,-162237.27311825915,-183830.8104705169,-205836.72880037548,-228255.02810785235,-251085.70839293904,-274328.7696556259,-297984.21189593186,-322052.0351138476,-346532.2393093626,-371424.8244824976,-396729.7906332421,-422447.137761586,-448576.86586754944,-475118.9749511231,-502073.46501230623,-529440.3360510882,-557219.5880674887,-585411.2210614911,-614015.2350331111,-643031.6299823449,-672460.405909174,-702301.5628136245,-732555.1006956847,-763221.0195553548,-794299.3193926215,-825790.0002075107,-857693.0619999968,-890008.5047701052,-922736.3285178232,-955876.5332431374,-989429.1189460749,-1023394.0856266216,-1057771.4332847644,-1092561.1619205307,-1127763.271533907,-1163377.7621248777,-1199404.633693473,-1235843.8862396777,-1272695.5197634774,-1309959.5342649017,-1347635.9297439358,-1385724.7062005636,-1424225.8636348164
Banten,3,-1928870.33800578,-2109687.5575144514,-1996809.5725722536,-2286146.3410404627,-2082311.8699421969,-2228346.473921966,-2279605.820901734,-2331759.068430635,-2384806.21650867,-2438747.2651358377,-2493582.214312139,-2549311.064037572,-2605933.8143121386,-2663450.465135838,-2721861.01650867,-2781165.4684306346,-2841363.820901734,-2902456.073921966,-2964442.2274913285,-3027322.2816098267,-3091096.236277456,-3155764.0914942194,-3221325.847260116,-3287781.5035751457,-3355131.0604393054,-3423374.5178526007,-3492511.875815029,-3562543.1343265893,-3633468.293387282,-3705287.3529971098,-3778000.3131560697,-3851607.1738641616,-3926107.935121387,-4001502.5969277457,-4077791.159283236,-4154973.622187861,-4233049.985641619,-4312020.2496445095,-4391884.414196532,-4472642.479297688,-4554294.444947976,-4636840.311147398,-4720280.077895954,-4804613.745193641,-4889841.313040463,-4975962.781436415,-5062978.150381504,-5150887.419875722,-5239690.5899190735,-5329387.660511561,-5419978.6316531785,-5511463.5033439305,-5603842.275583814,-5697114.9483728325,-5791281.521710981,-5886341.995598266,-5982296.370034682
Bengkulu,4,-582656.6221551421,-563209.5474096173,-557270.3323411723,-590395.7394489292,-590592.5254826254,-592962.989509535,-593346.7320294841,-587265.2767441208,-591106.3923201123,-584870.0787574586,-584111.4435228269,-581997.8254162162,-579806.7781709613,-577538.3017870602,-575192.396264514,-572769.0616033234,-579047.8679368198,-572192.1212650053,-575258.9454545453,-574487.9239321075,-574172.5377510234,-573779.7224312951,-566751.9508262549,-565431.6293225694,-560177.2925202386,-555809.673119263,-551364.624579642,-546842.1469013757,-542242.2400844647,-537564.9041289082,-532810.1390347069,-527977.9448018603,-523068.3214303684,-518081.2689202317,-513016.7872714496,-507874.8764840224,-502655.5365579501,-497358.7674932328,-491984.5692898701,-486532.9419478625,-481003.8854672096,-475397.3998479116,-469713.4850899684,-463952.14119338006,-458113.36815814686,-452197.1659842682,-446203.5346717445,-440132.47422057576,-433983.98463076167,-427758.06590230257,-421454.7180351984,-415073.9410294489,-408615.7348850543,-402080.0996020147,-395467.0351803299,-388776.5416199932,-382008.618921018
Yogyakarta,5,-2010981.4492852727,-1896366.171163596,-2086574.6517064425,-2204840.2671435634,-2200797.563632991,-2288867.172705948,-2360993.623734636,-2434174.155048225,-2508408.7666467167,-2583697.45853011,-2660040.2306984053,-2737437.0831516013,-2815888.0158897,-2895393.0289127,-2975952.122220601,-3057565.295813404,-3140232.54969111,-3223953.8838537163,-3308729.2983012246,-3394558.7930336343,-3481442.3680509464,-3569380.023353159,-3658371.7589402753,-3748417.574812292,-3839517.4709692094,-3931671.447411031,-4024879.5041377526,-4119141.641149376,-4214457.858445901,-4310828.156027328,-4408252.533893656,-4506730.992044888,-4606263.53048102,-4706850.1492020525,-4808490.848207988,-4911185.627498825,-5014934.487074563,-5119737.426935205,-5225594.447080747,-5332505.547511191,-5440470.728226536,-5549489.989226785,-5659563.330511933,-5770690.752081985,-5882872.253936935,-5996107.836076789,-6110397.498501547,-6225741.241211204,-6342139.064205762,-6459590.967485224,-6578096.951049587,-6697657.014898852,-6818271.159033018,-6939939.383452084,-7062661.6881560525,-7186438.073144925,-7311268.538418697
Jakarta,6,-812679.8614265335,-787520.0024108418,-796226.9801283882,-844820.2256728484,-857750.10446505,-863214.2096766549,-877269.0963214482,-892432.5108977678,-906804.4534056138,-921684.923844986,-936957.6422158846,-951108.6525183098,-966434.1566808328,-981585.9241082156,-996846.2194671248,-1012215.04275756,-1027692.3939795218,-1043278.27313301,-1058972.6802180246,-1074775.615234566,-1090687.0781826333,-1106707.069062227,-1122835.587873347,-1139072.6346159938,-1155418.2092901669,-1171872.3118958662,-1188434.9424330916,-1205106.100901844,-1221885.7873021225,-1238774.0016339277,-1255770.7438972583,-1272876.0140921164,-1290089.8122185003,-1307412.138276411,-1324842.992265848,-1342382.374186811,-1360030.2840393006,-1377786.7218233163,-1395651.6875388592,-1413625.181185928,-1431707.2027645234,-1449897.7522746446,-1468196.829716293,-1486604.435089467,-1505120.5683941685,-1523745.2296303953,-1542478.4187981486,-1561320.1358974287,-1580270.380928232,-1599329.1538905648,-1618496.454784424,-1637772.2836098094,-1657156.6403667212,-1676649.525055159,-1696250.937675124,-1715960.8782266155,-1735779.3467096323
Gorontalo,7,-231563.80035608308,-276775.778545994,-291286.1977448071,-291543.1874777448,-288043.44089020777,-295950.06704154296,-299419.9908617224,-302778.6567780402,-306026.06479050446,-309162.21489911113,-312187.10710385686,-315100.7414047477,-317903.11780178186,-320594.2362949548,-323174.096884273,-325642.69956973457,-328000.0443513337,-330246.1312290802,-332380.96020296484,-334404.5312729962,-336316.8444391692,-338117.8997014811,-339807.6970599398,-341386.23651454,-342853.51806527906,-344209.54171216435,-345454.3074551928,-346587.8152943591,-347610.06522967166,-348521.05726112745,-349320.79138872115,-350009.26761246094,-350586.48593234405,-351052.44634836505,-351407.1488605321,-351650.5934688427,-351782.78017329064,-351803.7089738851,-351713.37987062306,-351511.79286349827,-351198.9479525201,-350774.8451376852,-350239.48441898776,-349592.8657964369,-348834.98927002976,-347965.8548397591,-346985.46250563563,-345893.8122676558,-344690.90412581246,-343376.7380801161,-341951.3141305639,-340414.63227714767,-338766.6925198788,-337007.4948587537,-335137.0392937648,-333155.32582492323,-331062.3544522191
Jambi,8,188900.82430220072,116852.53276073618,205188.57258612555,110910.87512334282,90312.23485349014,81401.1076361491,61049.51282217153,60688.145048393024,70317.00431481379,69936.0906214334,69545.4039682521,74144.94435527103,73734.71178248784,76314.70624990272,78884.92775751665,81445.37630532985,83996.05189334197,86536.95452155304,89068.08418996327,91589.44089857274,94101.02464738104,96602.8354363896,99094.87326559603,101577.13813500156,104049.63004460617,106512.34899441004,108965.2949844128,111408.46801461454,113841.8680850154,116265.49519561534,118679.34934641451,121083.43053741365,123477.73876861075,125862.27404000692,128237.03635160218,130602.0257033965,132957.24209538984,135302.68552758248,137638.355999974,139964.25351256458,142280.3780653542,144586.72965834395,146883.30829153187,149170.1139649187,151447.14667850465,153714.40643228957,155971.8932262736,158219.60706045694,160457.5479348391,162685.7158494203,164904.1108042006,167112.73279917997,169311.58183435933,171500.65790973697,173679.96102531356,175849.49118109012,178009.24837706488
Jawa Barat,9,5125054.647873724,4682269.801100676,4667430.121651422,4560945.733250398,4822166.840793591,5019285.612538129,4881172.548791724,4927214.947281382,4927072.021895958,4926811.929857728,4926434.6711666165,4895315.093600438,4884495.117529569,4868453.782768814,4852295.281355245,4836019.613288805,4819626.778569517,4803116.777197391,4786489.609172414,4769745.274494629,4752883.773163966,4735905.105180461,4718809.270544112,4701596.269254948,4684266.101312915,4666818.766718032,4649254.265470309,4631572.5975697385,4613773.763016361,4595857.761810143,4577824.593950962,4559674.259439028,4541406.758274259,4523022.090456672,4504520.255986216,4485901.254862908,4467165.087086763,4448311.7526577,4429341.251575868,4410253.583841193,4391048.749453663,4371726.748413299,4352287.580720119,4332731.246373967,4313057.745375064,4293267.077723325,4273359.24341877,4253334.242461342,4233192.074851071,4212932.740587849,4192556.2396718906,4172062.572103115,4151451.737881468,4130723.73700697,4109878.569479636,4088916.235299458,4067836.7344663534
Jawa Tengah,10,9538346.270927014,8710290.581480457,8603195.54565894,8673929.705191975,8411443.281563472,8500802.293717675,8353199.768213076,8261160.963960534,8415311.04846005,8295781.582961623,8458899.283715254,8530868.120970944,8663797.000145363,8781631.468530167,8899582.416667033,9017649.844555944,9135833.752196966,9254134.139590004,9372551.006735103,9491084.353632355,9609734.180281669,9728500.48668294,9847383.27283627,9966382.538741758,10085498.284399202,10204730.509808809,10324079.214970369,10443544.399883987,10563126.064549765,10682824.2089675,10802638.833137397,10922569.93705925,11042617.52073316,11162781.584159227,11283062.127337256,11403459.15026744,11523972.65294958,11644602.63538378,11765349.097570142,11886212.039508458,12007191.461198932,12128287.362641366,12249499.743835958,12370828.604782509,12492273.945481116,12613835.765931882,12735514.066134606,12857308.846089488,12979220.105796328,13101247.84525523,13223392.064466286,13345652.7634293,13468029.942144474,13590523.600611605,13713133.738830794,13835860.35680214,13958703.454525448
Jawa Timur,11,9889168.427348614,9268186.93647912,9649667.85855211,9479300.196657512,9211419.410263063,9156375.678234642,9042049.059877664,9027753.335595598,9113488.505388444,9132587.902589532,9168384.860532207,9204212.71254979,9240071.45864229,9275961.098809704,9311881.63305203,9347833.06136927,9383815.38376142,9419828.600228485,9455872.710770462,9491947.715387354,9528053.61407916,9564190.406845875,9600358.093687508,9636556.674604047,9672786.149595518,9709046.518661847,9745337.781803131,9781659.939019328,9818012.990310438,9854396.93567646,9890811.775117394,9927257.508633245,9963734.136224007,10000241.657889685,10036780.073630271,10073349.383445771,10109949.587336186,10146580.685301514,10183242.677341755,10219935.56345691,10256659.343646975,10293414.017911956,10330199.586251851,10367016.048666658,10403863.405156378,10440741.65572101,10477650.800360557,10514590.839075018,10551561.771864388,10588563.598728674,10625596.319667874,10662659.934681984,10699754.44377101,10736879.846934948,10774036.1441738,10811223.335487563,10848441.42087624
Kalimantan Barat,12,464984.3569988979,510499.1169067104,431294.32539630594,354403.6960950601,377582.051578209,328663.53120945906,295755.6367919429,297899.6227044315,284095.4889469264,268843.2355194236,255842.8624219247,242894.36965443072,229997.7572169405,217153.0251094551,204360.17333197664,191619.20188449963,178930.11076702725,166292.89997955854,204907.56952209497,209440.78606130256,222559.2162638472,235729.52679639932,248951.7176589525,262225.78885151056,275551.7403740722,288929.57222663896,302359.2844092101,315840.8769217848,329374.34976436704,342959.70293695125,356596.93643953966,370286.0502721316,384027.0444347288,397819.9189273294,411664.6737499388,425561.308902549,439509.82438516273,453510.2201977816,467562.4963404038,481666.6528130343,495822.68961566605,510030.6067483055,524290.4042109459,538602.0820035898,552965.640126239,567381.0785788918,581848.3973615497,596367.5964742118,610938.6759168816,625561.6356895525,640236.4757922267,654963.1962249066,669741.7969875896,684572.2780802777,699454.6395029702,714388.8812556707,729375.003338372
Kalimantan Selatan,13,1115361.650611961,1133717.1126072537,931477.4497721194,784527.7697496524,788107.8573232053,779363.4898627363,768786.0016308979,768141.8177063237,757430.9380890124,746653.3627789669,745809.0917761743,739191.1110806677,726752.3866924155,724246.9666114256,731674.8508377022,720208.2824379129,715598.1379644263,710921.2977982159,706177.76193926,701367.5303875767,696490.6031431495,691546.9802059962,686536.6615760961,681459.6472534719,676315.9372381,671105.5315300045,665828.4301291635,660484.6330355946,655074.1402492924,649596.9517702445,644053.0675984686,638442.4877339496,632765.2121767029,627021.2409267125,621210.5739839964,615333.2113485325,609389.1530203451,603378.3989994123,597300.9492857512,591156.803879347,584945.9627802146,578668.4259883394,572324.1935037383,565913.2653263889,559435.6414563167,552891.3218934988,546280.3066379529,539602.5956896638,532858.1890486492,526047.0867148876,519169.2886883969,512224.7949691664,505213.6055572103,498135.7204525026,490991.1396550754,483779.8631649024,476501.8909819977
Kalimantan Tengah,14,452091.3948827292,382336.6647547974,395707.4650852879,315590.4625799574,277095.8197228145,239547.6196119403,247755.47843496816,255954.8054882728,264145.600771855,272327.8642857143,280501.5960298509,288666.79600426427,296823.4642089552,304971.6006439234,313111.2053091687,321242.2782046908,329364.8193304904,337478.8286865674,345584.306272921,353681.25208955223,361769.6661364607,369849.5484136464,377920.8989211087,385983.7176588487,394038.0046268659,402083.7598251597,410120.9832537313,418149.6749125801,426169.8348017061,434181.4629211086,442184.5592707889,450179.1238507465,458165.1566609813,466142.6577014925,474111.6269722816,482072.0644733478,490023.9702046908,497967.3441663113,505902.1863582092,513828.4967803842,521746.2754328358,529655.5223155653,537556.2374285717,545448.4207718548,553332.0723454157,561207.1921492539,569073.7801833693,576931.8364477613,584781.360942431,592622.3536673778,600454.8146226018,608278.7438081024,616094.1412238809,623901.0068699366,631699.3407462686,639489.1428528787,647270.413189766
Kalimantan Timur,15,173754.71821391486,163778.36723087574,173863.89597784705,150596.9409622707,147800.8392177224,142412.05498615437,141885.4521571478,138709.58582658326,136190.12932779474,138665.9479941153,137803.70849221185,137770.07748875045,137731.72165039807,137688.64097715472,137640.8354690204,137588.30512599513,137531.04994807893,137469.06993527175,137402.36508757356,137330.93540498446,137254.78088750434,137173.90153513325,137088.29734787124,136997.96832571825,136902.91446867428,136803.1357767393,136698.63224991347,136589.40388819564,136475.45069158782,136356.77266008902,136233.36979369924,136105.2420924185,135972.38955624687,135834.81218518422,135692.50997923056,135545.482938386,135393.73106265045,135237.2543520239,135076.05280650646,134910.126426098,134739.47521079856,134564.0991606082,134383.9982755269,134199.1725555546,134009.62200069128,133815.34661093706,133616.34638629184,133412.62132675564,133204.1714323285,132990.99670301046,132773.09713880136,132550.47273970133,132323.12350571033,132091.04943682835,131854.25053305543,131612.72679439152,131366.47822083664
Kalimantan Utara,16,-216994.2863910327,-227165.52606027195,-214323.31059169417,-235080.307199559,-236912.36310547587,-234034.69170525545,-234998.6391451672,-235966.76029768464,-236939.05516280784,-237915.5237405366,-238896.166030871,-239880.9820338111,-240869.9717493568,-241863.1351775083,-242860.47231826533,-243861.9831716281,-244867.66773759644,-245877.5260161705,-246891.5580073502,-247909.7637111356,-248932.14312752665,-249958.69625652328,-250989.42309812573,-252024.32365233373,-253063.39791914733,-254106.6458985668,-255154.06759059167,-256205.6629952224,-257261.4321124587,-258321.37494230064,-259385.49148474823,-260453.78173980155,-261526.2457074605,-262602.88338772504,-263683.69478059537,-264768.6798860713,-265857.83870415285,-266951.1712348401,-268048.677478133,-269150.3574340316,-270256.21110253583,-271366.2384836457,-272480.4395773613,-273598.8143836824,-274721.3629026094,-275848.0851341418,-276978.9810782801,-278114.05073502404,-279253.2941043735,-280396.7111863286,-281544.30198088946,-282696.066488056,-283852.0047078281,-285012.116640206,-286176.4022851893,-287344.8616427785,-288517.49471297325
Kepulauan Bangka,17,-146085.69316243925,-139870.54295890842,-133809.21635032006,-129781.4658276155,-134766.45941176478,-132448.96867396554,-132355.67005666488,-132242.08077249193,-132108.20082144794,-131954.03020353048,-131779.56891874227,-131584.81696708035,-131369.77434854733,-131134.44106314087,-130878.81711086207,-130602.9024917124,-130306.6972056891,-129990.20125279525,-133554.16463302745,-134497.33734638873,-136070.34439287637,-137623.0607724919,-139155.4864852364,-140667.6215311073,-142159.46591010777,-143631.0196222341,-145082.28266748964,-146513.25504587157,-147923.93675738302,-149314.32780201998,-150684.42817978509,-152034.23789067983,-153363.75693470036,-154672.9853118503,-155961.92302212628,-157230.57006553205,-158478.9264420632,-159706.99215172243,-160914.76719451146,-162102.25157042622,-163269.44527947035,-164416.34832164057,-165542.96069694063,-166649.28240536593,-167735.31344691938,-168801.05382160272,-169846.50352941168,-170871.66257035005,-171876.53094441444,-172861.10865160887,-173825.39569192828,-174769.39206537593,-175693.0977719535,-176596.51281165663,-177479.63718448934,-178342.47089044796,-179185.01392953662
Kepulauan Riau,18,-648368.2395572513,-620509.3071299067,-665206.0710410799,-655168.6428466093,-632852.954896134,-642398.1867940286,-639657.7565245981,-636105.1265694428,-631740.2969285628,-626563.2676019581,-620574.038589629,-613772.6098915751,-606158.9815077964,-597733.1534382933,-588495.1256830655,-578444.8982421128,-567582.4711154357,-555907.8443030339,-543421.0178049075,-530121.9916210565,-516010.7657514807,-501087.34019618033,-485351.7149551553,-468803.8900284056,-451443.8654159313,-433271.6411177323,-414287.2171338088,-394848.6617273184,-374359.1944596648,-353117.20555014623,-330664.4571829731,-307645.3229634088,-283813.98905811977,-259170.45546710605,-233714.72219036773,-207446.78922790472,-180366.65657971715,-152474.32424580486,-123769.79222616798,-94253.06052080644,-63924.12912972024,-32782.99805290916,-829.6672903738461,-28611.27185964085,-62136.77237959034,-96474.4725852649,-131624.37247666367,-167586.4720537873,-204360.7713166356,-241947.27026520853,-280345.96889950614,-319556.8672195283,-359579.96522527514,-400415.26291674667,-442062.7602939429,-484522.4573568637,-527794.3541055091
Lampung,19,2356543.2927303426,2032842.13,2520137.5605016886,2349437.9732465027,2550042.521562952,2372894.578499276,2643243.415753015,2569542.621390304,2597077.211911144,2695384.912565533,2672285.489853473,2690661.812999964,2709031.607830005,2727394.874343596,2745751.612540738,2764101.8224214306,2782445.5039856727,2800782.657233466,2819113.2821648098,2837437.378779703,2855754.9470781474,2874065.9870601427,2892370.4987256867,2910668.4820747827,2928959.937107429,2947244.8638236243,2965523.262223372,2983795.1323066694,3002060.474073516,3020319.2875239146,3038571.572657864,3056817.3294753614,3075056.557976411,3093289.258161011,3111515.4300291603,3129735.073580861,3147948.188816111,3166154.7757349126,3184354.8343372648,3202548.364623166,3220735.366592618,3238915.840245622,3257089.7855821745,3275257.2026022784,3293418.0913059334,3311572.451693137,3329720.2837638925,3347861.5875181984,3365996.3629560536,3384124.61007746,3402246.3288824167,3420361.519370924,3438470.1815429805,3456572.315398589,3474667.9209377463,3492756.9981604554,3510839.547066715
Maluku,20,-27835.08938557004,-49852.55259155616,-45365.09761528166,-41221.38325797212,-72079.58621884987,-71519.43675921646,-79791.94411237849,-88146.44779776389,-79582.94781537307,-95101.44416520456,-94701.9368472606,-100384.4258615405,-106148.91120804366,-111995.39288677074,-117923.87089771991,-123934.34524089382,-130026.81591629153,-136201.2829239128,-142457.7462637574,-148796.20593582583,-155216.66194011632,-161719.11427663156,-168303.56294537074,-174970.00794633312,-181718.4492795193,-188548.8869449292,-195461.32094256065,-202455.75127241755,-209532.1779344981,-216690.60092880187,-223931.02025532955,-231253.43591407908,-238657.84790505347,-246144.25622825185,-253712.66088367385,-261363.06187131748,-269095.4591911888,-276909.8528432799,-284806.2428275946,-292784.62914413284,-300845.0117928985,-308987.3907738839,-317211.76608709275,-325518.13773252524,-333906.5057101852,-342376.8700200648,-350929.23066216777,-359563.5876364986,-368279.9409430489,-377078.2905818226,-385958.6365528199,-394920.9788560451,-403965.3174914894,-413091.6524591575,-422299.983759049,-431590.3113911685,-440962.635355507
Maluku Utara,21,-57494.732803877705,-67301.72107382552,-66060.66976137212,-90309.12960477256,-97224.0681357196,-106630.66013870246,-117139.37447427296,-121350.77194630874,-138404.47455480986,-143502.0322997763,-147737.57518120806,-152855.6751991051,-158056.33235346756,-163339.54664429527,-168705.31807158838,-173153.64663534678,-178684.53233557046,-182297.9751722595,-187993.9751454139,-192772.53225503355,-198633.6465011185,-204577.3178836689,-210603.5464026846,-216712.3320581656,-221903.67485011183,-228177.5747785235,-234034.0318434004,-239973.04604474275,-246640.09506509005,-252042.9285716564,-257528.319214688,-263096.26699418493,-268746.7719101472,-274479.83396257483,-280295.4531514677,-286193.629476826,-292174.3629386496,-298237.6535369384,-304383.5012716928,-310611.9061429122,-316922.86815059715,-323316.3872947473,-329792.4635753628,-336351.0969924438,-342992.28754598985,-349716.03523600136,-356522.3400624782,-363411.2020254203,-370382.6211248278,-377436.5973607005,-384573.1307330388,-391792.2212418422,-399093.868887111,-406478.073668845,-413944.8355870445,-421494.1546417093,-429126.0308328393
Nusa Tenggara Barat,22,1169369.4559759037,1107958.8140963854,1022838.7160240964,1123315.3750361446,1153466.284626506,1110575.6424313253,1109052.224313253,1107563.6975686746,1106110.0621975902,1104691.3182,1103307.4655759037,1101958.5043253012,1100644.4344481928,1099365.2559445784,1098120.9688144578,1096911.5730578313,1095737.068674699,1094597.4556650603,1093492.7340289156,1092422.9037662651,1091387.9648771083,1090387.9173614455,1089422.761219277,1088492.4964506023,1087597.1230554215,1086736.641033735,1085911.0503855422,1085120.3511108437,1084364.5432096384,1083643.6266819276,1082957.601527711,1082306.467746988,1081690.225339759,1081108.8743060215,1080562.4146457808,1080050.8463590338,1079574.1694457808,1079132.3839060217,1078725.4897397568,1078353.4869469856,1078016.3755277083,1077714.1554819252,1077446.8268096363,1077214.389510841,1077016.8435855398,1076854.1890337323,1076726.4258554191,1076633.5540506,1076575.573619275,1076552.484561443,1076564.286877106,1076610.9805662627,1076692.5656289132,1076809.0420650577,1076960.4098746963,1077146.6690578288,1077367.819614455
Nusa Tenggara Timur,23,445276.7870365812,364370.7579169928,279408.61030519987,282481.6791837607,298636.7264296395,327099.55829002714,350547.3060356565,373998.5235385295,397453.2107986462,420911.3678160061,444372.9945906098,467838.09112245706,491306.65741154767,514778.6934578832,538254.1992614612,561733.1748222825,491174.21347368025,570357.2152156557,549718.0244926475,554038.719082443,558362.8834294821,562690.5175337647,567021.6213952907,571356.1950140605,575694.2383900735,580035.7515233303,584380.7344138306,588729.1870615743,593081.1094665616,597436.5016287924,601795.3635482669,606157.6952249848,610523.4966589464,614892.7678501513,619265.5087985988,623641.7195042907,628021.3999672264,632404.5501874057,636791.1701648284,641181.2598994947,645574.8193914045,649971.8486405578,654372.3476469547,658776.3164105951,663183.754931479,667594.6632096067,672009.0412449776,676426.8890375921,680848.2065874503,685272.993894552,689701.2509588972,694132.977780486,698568.1743593182,703006.8406953898,707448.9767887134,711894.5826392763,716343.6582470827
Papua,24,21054.08049162797,38981.35376497166,-107115.02864882111,16509.858351657633,-71501.44016191049,-83104.64100680576,-78754.17024746121,-74466.3367157348,-94774.42841163155,-115145.1573351462,-135578.5234862843,-156074.52686504315,-176633.16747141932,-197254.44530541945,-217938.3603670366,-238684.912656278,-259494.10217314115,-280365.9289176188,-301300.3928897225,-322297.4940894411,-343357.2325167867,-364479.6081717464,-385664.6210543336,-406912.27116454055,-428222.5585023628,-449595.4830678109,-471031.0448608741,-492529.2438815635,-514090.0801298752,-535713.5536057984,-557399.6643093515,-579148.4122405159,-600959.7973993102,-622833.8197857152,-644770.4793997509,-666769.7762414059,-688831.7103106743,-710956.2816075702,-733143.4901320785,-755393.335884216,-777705.8188639742,-800080.9390713449,-822518.6965063447,-845019.0911689565,-867582.1230591971,-890207.7921770504,-912896.098522532,-935647.042095637,-958460.6228963492,-981336.8409246956,-1004275.696180649,-1027277.1886642365,-1050341.3183754426,-1073468.08531426,-1096657.489480707,-1119909.5308747652,-1143224.209496454
Papua Barat,25,-51286.06715578541,-46417.743167420864,-67327.13175393242,-65826.44556561083,-67966.83802628746,-75344.00217647018,-79300.14356431793,-83179.32197004973,-90183.86939366497,-94976.56583516498,-99092.29929454908,-103131.06977181631,-107092.8772669686,-110977.72178000388,-115185.60331092436,-118957.52185972892,-122625.14409308312,-126222.63667765584,-129743.1662801127,-133186.7329004523,-136553.33653867734,-139842.97719478534,-143055.65486877854,-146191.3695606559,-149250.1212704158,-152231.90999806128,-155136.73574358926,-157964.598507003,-160715.49828830067,-163389.43508748084,-165986.40890454673,-168506.41973949678,-170949.4675923291,-173315.55246304735,-175604.67435164817,-177816.83325813455,-179952.02918250504,-182010.26212475763,-183991.5320848963,-185895.83906291693,-187723.18305882372,-189473.5640726147,-191146.9821042876,-192743.43715384664,-194262.929221289,-195705.45830661544,-197071.02440982583,-198359.62753092035,-199571.2676698989,-200705.9448267621,-201763.65900150884,-202744.4101941397,-203648.1984046546,-204475.0236330536,-205224.8858793366,-205897.7851435044,-206493.7214255556
Riau,26,-266461.23250563315,-302011.2485669221,-254530.32277602525,-304721.3841685445,-306026.42505633173,-295311.97425597266,-290447.78955745976,-285573.53080757253,-282756.90800631064,-277862.5011536742,-273578.33324966347,-269284.09129427816,-264979.7752875183,-260665.38522938403,-256340.9211198751,-252006.38295899192,-247661.7707467341,-243307.0844831018,-238942.3241680918,-234567.48980171065,-230182.5813839548,-225787.5989148247,-221382.54239432,-216967.4118224407,-212542.20719918705,-208106.9285245588,-203661.5757985562,-199206.1490211789,-194740.6481924273,-190265.0733123012,-185779.42438080048,-181283.70139792527,-176777.9043636757,-172262.0332780515,-167736.08814105298,-163200.06895267987,-158653.9757129313,-154097.80842180928,-149531.56707931263,-144955.25168544153,-140368.86224019594,-135772.39874357582,-131165.8611955813,-126549.2495962122,-121922.5639454686,-117285.80424335058,-112638.970489858,-107982.06268499103,-103315.08082874946,-98638.02492113347,-93950.89496214296,-89253.69095177794,-84546.41289003848,-79829.0607769244,-75101.63461243591,-70364.134396573,-65616.56012933556
Sulawesi Barat,27,-288511.7171636105,-305032.77214098594,-236592.916496785,-306966.91508930695,-247298.0303167422,-252751.5310345333,-244690.0539804715,-236620.46547130204,-228542.7655070268,-220456.95408764,-212363.03121314463,-204260.99688354493,-196150.85109883305,-188032.5938590133,-179906.225164088,-171771.74501405103,-163629.15340890555,-155478.45034865575,-147319.6358332936,-139152.70986282307,-130977.6724372484,-122794.5235565611,-114603.26322076553,-106403.89142986572,-98196.40818385326,-89980.81348273263,-81757.10732650768,-73525.28971517016,-65285.36064872518,-57037.32012717461,-48781.16815051204,-40516.90471874189,-32244.52983186615,-23964.04348987853,-15675.44569278264,-7378.736440582434,926.0842667301184,9239.016429151292,17560.06004667643,25889.215119314147,34226.48164706037,42571.85962991056,50925.349067873205,59286.94996094448,67656.66230911971,76034.48611240764,84420.42137080396,92814.46808430424,101216.62625291734,109626.89587663882,118045.27695546404,126471.7694894023,134906.37347844872,143349.0889225991,151799.9158218623,160258.85417623317,168725.90398570942
Sulawesi Selatan,28,5676826.973803842,4783855.917165016,4439905.2215212975,4811765.488680349,5080108.992125045,5108866.815555781,5092323.327678081,5075778.399003342,5159232.02953156,5142684.219262736,5156134.9681968745,5169584.276333969,5183032.143674024,5196478.570217039,5209923.555963011,5223367.100911944,5236809.205063836,5250249.868418685,5263689.090976496,5277126.872737263,5290563.213700991,5303998.113867678,5317431.573237322,5330863.591809928,5344294.169585492,5357723.306564014,5371151.002745495,5384577.258129938,5398002.072717337,5411425.446507696,5424847.379501015,5438267.871697293,5451686.923096527,5465104.533698725,5478520.703503878,5491935.432511992,5505348.720723065,5518760.568137097,5532170.974754089,5545579.940574038,5558987.465596946,5572393.549822816,5585798.1932516415,5599201.395883428,5612603.157718174,5626003.478755878,5639402.35899654,5652799.798440165,5666195.797086745,5679590.354936295,5692983.471988796,5706375.148244253,5719765.383702671,5733154.17836405,5746541.532228385,5759927.445295678,5773311.917565935
Sulawesi Tengah,29,788912.8048797152,712475.4405489254,649374.706776655,718749.2637279761,593657.0991141158,577307.0780913414,568768.8512446135,700190.2750797833,687619.1815968507,718588.605995816,749517.6810766787,725472.47723944,736692.1544840981,752191.6016639869,739010.4610191074,740109.0903094584,741167.370281707,740753.2890105215,740298.8584212316,739804.0785138403,739268.9492883466,738693.4707447495,738077.6428830512,737421.4657032514,736724.9392053474,735988.0633893422,735210.8382552345,734393.2638030231,733535.3400327105,732637.0669442986,731698.4445377769,730719.4728131602,729700.1517704411,728640.4814096098,727540.461730686,726400.0927336599,725219.3744185243,723998.3067852936,722736.8898339604,721435.123564515,720093.0079769772,718710.543071337,717287.7288475845,715824.5653057427,714321.0524457956,712777.1902677361,711192.9787715839,709568.4179573298,707903.5078249632,706198.2483745075,704452.6396059461,702666.6815192725,700840.3741145066,698973.7173916383,697066.7113506575,695119.3559915845,693131.6513144127
Sulawesi Tenggara,30,85362.55280189682,66649.11064051813,88178.98279258271,71254.37051923038,17678.50496369839,56636.89703335904,13574.899049339932,40513.908621998096,37057.876751328586,38761.272037334216,40465.67488001537,42171.08527937374,43877.50323540508,45584.92874811089,47293.36181749171,49002.80244354822,50713.25062628189,52424.706365688005,54137.16966176964,55850.64051452576,57565.11892395996,59280.60489006672,60997.09841284802,62714.59949230496,64433.108128439344,66152.62432124582,67873.14807072806,69594.67937688471,71317.21823971928,73040.76465922658,74765.31863540848,76490.88016826531,78217.44925780082,79945.02590400772,81673.61010688992,83403.20186644758,85133.80118267972,86865.40805559012,88598.02248517284,90331.6444714301,92066.2740143633,93801.91111397382,95538.55577025632,97276.20798321452,99014.86775284726,100754.53507915804,102495.20996214137,104236.89240179933,105979.5823981322,107723.2799511439,109467.98506082688,111213.69772718498,112960.41795021866,114708.14572993002,116456.88106631336,118206.62395937229,119957.37440910553
Sulawesi Utara,31,-552776.9184844259,-587428.530539284,-654404.1071687586,-687064.7630125522,-691493.8926545791,-713915.898075314,-733383.0216094865,-752956.6834383988,-772636.8835620645,-790670.7783138098,-807118.5080269619,-823672.7760348673,-840333.5823375197,-857100.9269349114,-873974.8098270572,-890955.2310139494,-908042.1904955808,-925235.6882719664,-942535.7243430988,-959942.2987089698,-977455.4113695954,-995075.0623249676,-1012801.2515750783,-1030633.9791199444,-1048573.2449595564,-1066619.049093907,-1084771.3915230124,-1103030.2722468646,-1121395.691265455,-1139867.6485788007,-1158446.1441868911,-1177131.1780897228,-1195922.750287308,-1214820.8607796405,-1233825.50956671,-1252936.6966485356,-1272154.4220251075,-1291478.685696417,-1310909.4876624823,-1330446.827923293,-1350090.7064788437,-1369841.1233291496,-1389698.0784741978,-1409661.5719139937,-1429731.6036485354,-1449908.173677824,-1470191.2820018595,-1490580.9286206416,-1511077.1135341702,-1531679.8367424451,-1552389.0982454675,-1573204.8980432355,-1594127.236135751,-1615156.1125230126,-1636291.527205021,-1657533.4801817758,-1678881.9714532774
Sumatera Barat,32,1008211.1479108544,1014764.6104096128,925058.691941418,832744.9326739942,878721.5635566004,851988.8287601352,839523.0785255774,841559.1110884919,843580.3994488781,845586.9436067373,847578.7435620644,825014.0353148668,818795.758865142,808472.4442128886,812450.4143581073,804142.7583007978,799297.1079409604,794436.7133785952,789561.5746137025,784671.6916462813,779767.0644763323,774847.6931038551,769913.5775288506,764964.7177513177,760001.1137712566,755022.7655886676,750029.6732035507,745021.8366159066,739999.2558257336,734961.9308330289,729909.8616377999,724843.048240044,719761.4906397592,714665.1888369465,709554.1428316059,704428.3526237373,699287.8182133413,694132.5396004169,688962.5167849642,683777.7497669839,678578.2385464757,673363.9831234398,668134.9834978755,662891.239669783,657632.7516391629,652359.5194060145,647071.5429703392,641768.8223321349,636451.3574913983,631119.1484481383,625772.1952023508,620410.4977540348,615034.0561031909,609642.8702498189,604236.9401939191,598816.265935491,593380.8474745362
Sumatera Selatan,33,2663528.571039586,2274520.680827065,2420126.369028652,2215835.502738932,2437079.8176100627,2248782.8684982527,2297632.438740741,2146480.486802935,2395327.012684836,2244172.016386444,2393015.497907757,2381857.457248777,2410697.894409504,2439536.809389937,2468374.202190077,2437210.072809923,2446044.4212494763,2444877.2475087354,2443708.551587701,2442538.333486373,2441366.593204752,2440193.330742837,2439018.546100629,2437842.2392781274,2436664.410275332,2435485.059092243,2434304.185728861,2433121.790185185,2431937.872461216,2430752.4325569533,2429565.4704723973,2428376.986207547,2427186.979762404,2425995.451136967,2424802.400331237,2423607.827345213,2422411.732178896,2421214.1148322853,2420014.9753053808,2418814.313598183,2417612.129710692,2416408.423642908,2415203.1953948284,2413996.4449664573,2412788.172357792,2411578.377568833,2410367.060599581,2409154.221450035,2407939.860120196,2406723.976610062,2405506.5709196366,2404287.643048917,2403067.192997904,2401845.220766597,2400621.7263549967,2399396.7097631027,2398170.1709909155
Sumatera Utara,34,529133.8359318869,527249.9867173489,509951.55832283664,422958.37631888967,495373.90368344006,564252.2499720112,632407.6105575047,603248.8085789676,626256.7728935403,649271.150644094,672291.9418306046,695319.1464530753,718352.7645115247,741392.7960059531,764439.2409363431,787492.0993027,810551.3711050365,833617.0563433324,856689.155017599,879767.6671278432,902852.5926740476,925943.9316562096,949041.6840743535,972145.849928475,995256.4292185552,1018373.421944605,1041496.8281066344,1064626.6477046148,1087762.8807385825,1110905.527208509,1134054.5871144051,1157210.0604562715,1180371.947234106,1203540.24744791,1226714.9610976828,1249896.088183435,1273083.6287051495,1296277.5826628306,1319477.9500564905,1342684.73088611,1365897.9251516983,1389117.5328532471,1412343.553990784,1435575.9885642803,1458814.836573746,1482060.098019194,1505311.7729005977,1528569.861217972,1551834.3629713147,1575105.2781606363,1598382.6067859204,1621666.3488471578,1644956.5043443874,1668253.0732775768,1691556.055646738,1714865.4514518655,1738181.2606929722
